Workbook

Sheet README
A1: Extraction sheet: Human Dependence on Large Language Models: A Systematic Review and Taxonomy
A2: Authors: anonymized for double-anonymized peer review
A4: Sheet | B4: Contents
A5: Included_studies | B5: One row per included study (n = 91): source channel, domain, design, primary and secondary dimensions, principal finding or focus
A6: MMAT_consensus | B6: Consensus MMAT 2018 ratings (C1–C5) for each study; 'Met' is calculated with a formula
A7: Summary | B7: Counts by dimension, domain, design, source and MMAT score, calculated from the sheets above (these reproduce Table 3 of the article)
A8: Codebook | B8: Definition of every column and category
A10: Note | B10: Findings are reported as stated in each study's published abstract or record (see Section 3.5 of the article); they are not harmonised effect sizes.
A11: Licence | B11: CC BY 4.0

Sheet Included_studies
A1: ID | B1: Study | C1: Identified via | D1: Domain | E1: Design | F1: Primary dimension | G1: All dimensions (primary first) | H1: Principal finding or focus
A2: 1 | B2: Anderson et al. (2024) | C2: Database searching | D2: General / online | E2: Experiment | F2: Cognitive | G2: Cognitive | H2: Homogenization effects of LLM assistance on human creative ideation
A3: 2 | B3: Doshi and Hauser (2024) | C3: Citation/update searching | D3: General / online | E3: Experiment | F3: Cognitive | G3: Cognitive | H3: AI ideas raised individual story creativity but made stories more similar to each other
A4: 3 | B4: Grande et al. (2024) | C4: Database searching | D4: Education | E4: Qualitative | F4: Cognitive | G4: Cognitive | H4: Student perspectives on using an LLM for a professional ethics assignment
A5: 4 | B5: Krupp et al. (2024) | C5: Database searching | D5: Education | E5: Experiment | F5: Cognitive | G5: Cognitive, Behavioral | H5: Moderated ChatGPT (hints, answer options) reduced unreflected copy-paste use among 40 students, but reflection stayed below internet search
A6: 5 | B6: Stadler et al. (2024) | C6: Database searching | D6: Education | E6: Experiment | F6: Cognitive | G6: Cognitive | H6: LLM use reduced mental effort but lowered the depth of student reasoning in scientific inquiry
A7: 6 | B7: Alghamdi (2025) | C7: Database searching | D7: Education | E7: Survey | F7: Cognitive | G7: Cognitive | H7: Self-efficacy and discipline shaped students’ perceptions of generative AI for critical thinking and creativity
A8: 7 | B8: Bastani et al. (2025) | C8: Citation/update searching | D8: Education | E8: Experiment | F8: Cognitive | G8: Cognitive, Behavioral | H8: Field experiment (approximately 1,000 students): GPT-4 raised practice grades (48% to 127%), but removing unguarded access reduced grades by 17%
A9: 8 | B9: Brender et al. (2025) | C9: Database searching | D9: Education | E9: Experiment | F9: Cognitive | G9: Cognitive, Behavioral | H9: Effects of a structured ChatGPT interface in a graduate robotics course
A10: 9 | B10: Cheng and Zhang (2025) | C10: Database searching | D10: General / online | E10: Experiment | F10: Cognitive | G10: Cognitive | H10: LLMs acted as inspiration boosters or sources of creative fixation depending on task complexity
A11: 10 | B11: Fan et al. (2025) | C11: Citation/update searching | D11: Education | E11: Experiment | F11: Cognitive | G11: Cognitive | H11: Randomized experiment (N = 117): ChatGPT improved essay scores without greater knowledge gain or transfer
A12: 11 | B12: Fitzek and Bârgăoanu (2025) | C12: Database searching | D12: Education | E12: Mixed methods | F12: Cognitive | G12: Cognitive | H12: Mixed-methods pilot introducing LLMs in communication and public relations education
A13: 12 | B13: Gerlich (2025a) | C13: Database searching | D13: General / online | E13: Mixed methods | F13: Cognitive | G13: Cognitive | H13: Mixed-methods study (N = 666): frequent AI tool use was negatively associated with critical thinking, mediated by cognitive offloading
... A92: 91 | B92: De Freitas et al. (2026) | C92: Citation/update searching | D92: Mental health | E92: Experiment | F92: Emotional | G92: Emotional | H92: Five studies: AI companions reduced loneliness, driven by feeling heard

Sheet MMAT_consensus
A1: ID | B1: Study | C1: Design | D1: C1 | E1: C2 | F1: C3 | G1: C4 | H1: C5 | I1: Met (of 5)
A2: 1 | B2: Anderson et al. (2024) | C2: Experiment | D2: Y | E2: Y | F2: Y | G2: CT | H2: Y | I2: =COUNTIF(D2:H2,"Y") -> 4
A3: 2 | B3: Doshi and Hauser (2024) | C3: Experiment | D3: Y | E3: Y | F3: Y | G3: CT | H3: Y | I3: =COUNTIF(D3:H3,"Y") -> 4
A4: 3 | B4: Grande et al. (2024) | C4: Qualitative | D4: Y | E4: Y | F4: Y | G4: Y | H4: Y | I4: =COUNTIF(D4:H4,"Y") -> 5
A5: 4 | B5: Krupp et al. (2024) | C5: Experiment | D5: Y | E5: Y | F5: Y | G5: CT | H5: Y | I5: =COUNTIF(D5:H5,"Y") -> 4
A6: 5 | B6: Stadler et al. (2024) | C6: Experiment | D6: Y | E6: Y | F6: Y | G6: CT | H6: Y | I6: =COUNTIF(D6:H6,"Y") -> 4
A7: 6 | B7: Alghamdi (2025) | C7: Survey | D7: Y | E7: CT | F7: Y | G7: CT | H7: Y | I7: =COUNTIF(D7:H7,"Y") -> 3
A8: 7 | B8: Bastani et al. (2025) | C8: Experiment | D8: Y | E8: Y | F8: Y | G8: CT | H8: Y | I8: =COUNTIF(D8:H8,"Y") -> 4
A9: 8 | B9: Brender et al. (2025) | C9: Experiment | D9: Y | E9: Y | F9: Y | G9: CT | H9: Y | I9: =COUNTIF(D9:H9,"Y") -> 4
A10: 9 | B10: Cheng and Zhang (2025) | C10: Experiment | D10: Y | E10: Y | F10: Y | G10: CT | H10: Y | I10: =COUNTIF(D10:H10,"Y") -> 4
A11: 10 | B11: Fan et al. (2025) | C11: Experiment | D11: Y | E11: Y | F11: Y | G11: CT | H11: Y | I11: =COUNTIF(D11:H11,"Y") -> 4
A12: 11 | B12: Fitzek and Bârgăoanu (2025) | C12: Mixed methods | D12: Y | E12: Y | F12: Y | G12: Y | H12: Y | I12: =COUNTIF(D12:H12,"Y") -> 5
A13: 12 | B13: Gerlich (2025a) | C13: Mixed methods | D13: Y | E13: Y | F13: Y | G13: Y | H13: Y | I13: =COUNTIF(D13:H13,"Y") -> 5
... A92: 91 | B92: De Freitas et al. (2026) | C92: Experiment | D92: Y | E92: Y | F92: Y | G92: CT | H92: Y | I92: =COUNTIF(D92:H92,"Y") -> 4

Sheet Summary
A1: Category | B1: Level | C1: n | D1: %
A2: Primary dimension | B2: Cognitive | C2: =COUNTIF(Included_studies!$F$2:$F$92,B2) -> 35 | D2: =ROUND(C2/91*100,1) -> 38.5
A3: Primary dimension | B3: Behavioral | C3: =COUNTIF(Included_studies!$F$2:$F$92,B3) -> 23 | D3: =ROUND(C3/91*100,1) -> 25.3
A4: Primary dimension | B4: Decision-making | C4: =COUNTIF(Included_studies!$F$2:$F$92,B4) -> 22 | D4: =ROUND(C4/91*100,1) -> 24.2
A5: Primary dimension | B5: Emotional | C5: =COUNTIF(Included_studies!$F$2:$F$92,B5) -> 11 | D5: =ROUND(C5/91*100,1) -> 12.1
A6: Domain | B6: Education | C6: =COUNTIF(Included_studies!$D$2:$D$92,B6) -> 37 | D6: =ROUND(C6/91*100,1) -> 40.7
A7: Domain | B7: General / online | C7: =COUNTIF(Included_studies!$D$2:$D$92,B7) -> 30 | D7: =ROUND(C7/91*100,1) -> 33
A8: Domain | B8: Work | C8: =COUNTIF(Included_studies!$D$2:$D$92,B8) -> 10 | D8: =ROUND(C8/91*100,1) -> 11
A9: Domain | B9: Mental health | C9: =COUNTIF(Included_studies!$D$2:$D$92,B9) -> 10 | D9: =ROUND(C9/91*100,1) -> 11
A10: Domain | B10: Health care | C10: =COUNTIF(Included_studies!$D$2:$D$92,B10) -> 4 | D10: =ROUND(C10/91*100,1) -> 4.4
A11: Design | B11: Experiment | C11: =COUNTIF(Included_studies!$E$2:$E$92,B11) -> 45 | D11: =ROUND(C11/91*100,1) -> 49.5
A12: Design | B12: Survey | C12: =COUNTIF(Included_studies!$E$2:$E$92,B12) -> 16 | D12: =ROUND(C12/91*100,1) -> 17.6
A13: Design | B13: Qualitative | C13: =COUNTIF(Included_studies!$E$2:$E$92,B13) -> 14 | D13: =ROUND(C13/91*100,1) -> 15.4
A14: Design | B14: Mixed methods | C14: =COUNTIF(Included_studies!$E$2:$E$92,B14) -> 11 | D14: =ROUND(C14/91*100,1) -> 12.1
A15: Design | B15: Longitudinal | C15: =COUNTIF(Included_studies!$E$2:$E$92,B15) -> 5 | D15: =ROUND(C15/91*100,1) -> 5.5
A16: Identified via | B16: Database searching | C16: =COUNTIF(Included_studies!$C$2:$C$92,B16) -> 72 | D16: =ROUND(C16/91*100,1) -> 79.1
A17: Identified via | B17: Citation/update searching | C17: =COUNTIF(Included_studies!$C$2:$C$92,B17) -> 19 | D17: =ROUND(C17/91*100,1) -> 20.9
A18: MMAT criteria met | B18: 5 of 5 | C18: =COUNTIF(MMAT_consensus!$I$2:$I$92,5) -> 29 | D18: =ROUND(C18/91*100,1) -> 31.9
A19: MMAT criteria met | B19: 4 of 5 | C19: =COUNTIF(MMAT_consensus!$I$2:$I$92,4) -> 46 | D19: =ROUND(C19/91*100,1) -> 50.5
A20: MMAT criteria met | B20: 3 of 5 | C20: =COUNTIF(MMAT_consensus!$I$2:$I$92,3) -> 16 | D20: =ROUND(C20/91*100,1) -> 17.6
A21: Total | B21: All studies | C21: =COUNTA(Included_studies!A2:A92) -> 91

Sheet Codebook
A1: Column | B1: Definition
A2: ID | B2: Study number, in the order of Table 7 / Table S4
A3: Study | B3: First author(s) and year; letters a/b/c distinguish same-author same-year papers as in the reference list
A4: Identified via | B4: 'Database searching' (n = 72) or 'Citation/update searching' (n = 19)
A5: Domain | B5: Education; Work (work and professional practice); Health care (clinical practice); Mental health (mental health and companionship); General / online (general population and online experiments)
A6: Design | B6: Experiment = controlled experiment (randomized, field or quasi-experimental); Survey = cross-sectional survey or psychometric study; Qualitative; Mixed methods; Longitudinal = longitudinal or field-log study
A7: Primary dimension | B7: Main dependence dimension examined: Cognitive (epistemic operations), Behavioral (habit and execution), Decision-making (evaluative agency), Emotional (affective needs); see Table 4 of the article
A8: All dimensions | B8: Primary dimension first, followed by any secondary dimensions
A9: Principal finding or focus | B9: Main result as stated in the published abstract or record; where no result could be verified at that level, the focus of the study
A10: C1–C5 | B10: MMAT 2018 category-specific criteria for the study's design category (qualitative 1.1–1.5; randomized/experimental 2.1–2.5; non-randomized 3.1–3.5; quantitative descriptive 4.1–4.5; mixed methods 5.1–5.5). Y = Yes; N = No; CT = Can't tell
A11: Met (of 5) | B11: Number of the five criteria rated Y
A12: S1, S2 | B12: MMAT screening questions; all 91 studies were rated Yes on both, so they are not listed
